block_id,original_index
13,0
289,1
23,2
13,3
173,4
301,5
155,6
16,7
145,8
289,9
305,10
145,11
11,12
13,13
228,14
-1,15
-1,16
132,17
-1,18
143,19
6,20
31,21
205,22
145,23
4,24
116,25
16,26
259,27
28,28
23,29
182,30
182,31
143,32
116,33
173,34
205,35
11,36
315,37
126,38
116,39
6,40
298,41
4,42
259,43
228,44
195,45
181,46
7,47
11,48
182,49
193,50
155,51
145,52
2,53
182,54
298,55
196,56
28,57
116,58
36,59
126,60
-1,61
82,62
315,63
182,64
23,65
157,66
301,67
-1,68
13,69
243,70
3,71
233,72
233,73
196,74
23,75
233,76
243,77
2,78
4,79
228,80
24,81
116,82
13,83
233,84
301,85
116,86
102,87
309,88
23,89
298,90
126,91
298,92
196,93
23,94
72,95
205,96
13,97
145,98
315,99
23,100
99,101
16,102
196,103
106,104
205,105
13,106
17,107
23,108
145,109
-1,110
-1,111
-1,112
315,113
145,114
145,115
145,116
23,117
259,118
28,119
210,120
16,121
-1,122
47,123
129,124
129,125
218,126
224,127
265,128
26,129
179,130
6,131
314,132
8,133
120,134
314,135
252,136
252,137
252,138
174,139
210,140
312,141
224,142
288,143
16,144
65,145
129,146
15,147
216,148
24,149
73,150
6,151
284,152
218,153
8,154
88,155
216,156
10,157
29,158
174,159
181,160
252,161
-1,162
16,163
205,164
6,165
99,166
8,167
3,168
215,169
328,170
22,171
322,172
22,173
120,174
314,175
120,176
29,177
24,178
8,179
174,180
8,181
21,182
210,183
-1,184
-1,185
76,186
224,187
129,188
205,189
-1,190
297,191
196,192
6,193
210,194
283,195
178,196
297,197
3,198
314,199
314,200
314,201
303,202
88,203
181,204
195,205
252,206
252,207
292,208
196,209
325,210
16,211
143,212
264,213
208,214
29,215
179,216
22,217
310,218
297,219
88,220
252,221
171,222
10,223
10,224
98,225
15,226
29,227
321,228
193,229
21,230
26,231
47,232
325,233
99,234
30,235
22,236
143,237
98,238
10,239
6,240
76,241
193,242
-1,243
-1,244
252,245
181,246
229,247
158,248
322,249
192,250
29,251
15,252
308,253
314,254
76,255
3,256
21,257
321,258
210,259
252,260
322,261
16,262
129,263
179,264
8,265
258,266
15,267
218,268
87,269
88,270
181,271
268,272
8,273
21,274
21,275
3,276
210,277
197,278
197,279
205,280
325,281
79,282
265,283
-1,284
22,285
216,286
322,287
6,288
22,289
252,290
3,291
174,292
-1,293
76,294
252,295
-1,296
253,297
205,298
28,299
297,300
234,301
22,302
24,303
310,304
297,305
120,306
314,307
204,308
195,309
224,310
312,311
22,312
99,313
322,314
325,315
129,316
265,317
30,318
24,319
15,320
-1,321
303,322
314,323
10,324
29,325
178,326
195,327
3,328
181,329
312,330
205,331
24,332
31,333
143,334
31,335
79,336
6,337
314,338
88,339
22,340
317,341
314,342
24,343
178,344
268,345
252,346
252,347
8,348
215,349
-1,350
258,351
265,352
310,353
258,354
218,355
30,356
24,357
29,358
218,359
38,360
21,361
308,362
258,363
205,364
205,365
143,366
196,367
314,368
188,369
-1,370
303,371
314,372
45,373
178,374
29,375
234,376
284,377
195,378
195,379
224,380
193,381
210,382
3,383
252,384
178,385
28,386
28,387
129,388
31,389
129,390
3,391
193,392
265,393
218,394
265,395
284,396
321,397
224,398
76,399
224,400
29,401
93,402
126,403
129,404
303,405
15,406
104,407
22,408
16,409
314,410
15,411
308,412
171,413
24,414
174,415
195,416
252,417
148,418
283,419
0,420
208,421
193,422
74,423
149,424
274,425
197,426
8,427
187,428
-1,429
213,430
321,431
235,432
106,433
306,434
18,435
9,436
119,437
229,438
77,439
159,440
105,441
105,442
105,443
8,444
309,445
226,446
21,447
153,448
321,449
190,450
274,451
195,452
102,453
210,454
187,455
34,456
34,457
213,458
153,459
266,460
18,461
306,462
271,463
307,464
268,465
8,466
21,467
235,468
38,469
119,470
-1,471
226,472
266,473
9,474
292,475
8,476
235,477
210,478
235,479
210,480
172,481
235,482
229,483
235,484
26,485
111,486
241,487
321,488
181,489
252,490
181,491
309,492
251,493
235,494
309,495
213,496
210,497
221,498
226,499
18,500
9,501
328,502
119,503
187,504
-1,505
148,506
306,507
15,508
268,509
229,510
213,511
20,512
74,513
200,514
170,515
221,516
134,517
73,518
183,519
148,520
148,521
88,522
-1,523
148,524
307,525
144,526
292,527
292,528
292,529
18,530
18,531
229,532
153,533
64,534
307,535
26,536
317,537
252,538
200,539
213,540
193,541
181,542
74,543
210,544
235,545
159,546
26,547
64,548
64,549
73,550
223,551
223,552
224,553
252,554
9,555
309,556
321,557
268,558
203,559
197,560
204,561
-1,562
266,563
0,564
-1,565
26,566
35,567
317,568
197,569
74,570
204,571
193,572
21,573
197,574
197,575
229,576
187,577
221,578
111,579
187,580
34,581
102,582
185,583
306,584
329,585
194,586
3,587
-1,588
317,589
18,590
200,591
321,592
235,593
204,594
204,595
153,596
229,597
200,598
-1,599
18,600
235,601
307,602
-1,603
73,604
159,605
198,606
148,607
268,608
181,609
224,610
15,611
34,612
213,613
148,614
21,615
21,616
197,617
153,618
153,619
309,620
-1,621
134,622
223,623
181,624
252,625
328,626
105,627
21,628
74,629
198,630
241,631
194,632
193,633
8,634
42,635
-1,636
153,637
229,638
306,639
134,640
187,641
27,642
268,643
137,644
208,645
197,646
283,647
195,648
229,649
-1,650
172,651
307,652
187,653
223,654
241,655
241,656
26,657
105,658
252,659
321,660
181,661
43,662
307,663
102,664
266,665
266,666
229,667
223,668
21,669
193,670
18,671
169,672
266,673
170,674
-1,675
9,676
183,677
73,678
241,679
185,680
241,681
223,682
223,683
321,684
268,685
21,686
153,687
-1,688
102,689
74,690
20,691
153,692
226,693
170,694
148,695
306,696
18,697
309,698
134,699
327,700
177,701
177,702
251,703
223,704
9,705
231,706
190,707
27,708
40,709
274,710
137,711
307,712
177,713
177,714
135,715
274,716
253,717
121,718
128,719
130,720
282,721
96,722
244,723
-1,724
136,725
253,726
231,727
27,728
253,729
27,730
105,731
136,732
130,733
269,734
318,735
294,736
177,737
282,738
9,739
124,740
251,741
246,742
264,743
131,744
327,745
144,746
107,747
257,748
327,749
96,750
241,751
271,752
27,753
194,754
136,755
271,756
110,757
269,758
190,759
318,760
190,761
128,762
238,763
238,764
237,765
282,766
123,767
211,768
185,769
198,770
96,771
96,772
306,773
271,774
264,775
251,776
264,777
27,778
124,779
135,780
121,781
274,782
294,783
246,784
246,785
121,786
96,787
144,788
26,789
241,790
9,791
26,792
208,793
124,794
264,795
246,796
264,797
144,798
144,799
318,800
237,801
294,802
241,803
306,804
9,805
148,806
185,807
107,808
105,809
40,810
208,811
105,812
246,813
246,814
237,815
184,816
269,817
121,818
282,819
327,820
307,821
211,822
272,823
164,824
0,825
231,826
136,827
253,828
124,829
135,830
130,831
274,832
186,833
274,834
251,835
144,836
128,837
165,838
282,839
244,840
26,841
9,842
202,843
282,844
231,845
208,846
136,847
198,848
269,849
327,850
274,851
274,852
293,853
294,854
-1,855
130,856
282,857
240,858
294,859
318,860
0,861
27,862
159,863
231,864
241,865
281,866
274,867
107,868
238,869
123,870
251,871
123,872
294,873
282,874
27,875
329,876
306,877
211,878
198,879
111,880
136,881
208,882
251,883
264,884
246,885
237,886
144,887
135,888
96,889
238,890
237,891
131,892
282,893
269,894
46,895
26,896
111,897
194,898
261,899
111,900
136,901
328,902
241,903
144,904
96,905
244,906
96,907
96,908
327,909
231,910
128,911
237,912
144,913
111,914
0,915
0,916
306,917
0,918
0,919
0,920
307,921
241,922
274,923
238,924
107,925
135,926
264,927
130,928
26,929
26,930
-1,931
164,932
328,933
251,934
148,935
198,936
105,937
241,938
294,939
327,940
231,941
107,942
190,943
-1,944
282,945
135,946
202,947
306,948
253,949
264,950
223,951
180,952
144,953
190,954
274,955
144,956
238,957
-1,958
251,959
175,960
96,961
55,962
240,963
307,964
111,965
251,966
231,967
208,968
123,969
327,970
327,971
123,972
274,973
264,974
274,975
121,976
264,977
294,978
199,979
269,980
80,981
80,982
318,983
269,984
184,985
202,986
269,987
273,988
57,989
162,990
220,991
276,992
269,993
130,994
282,995
184,996
162,997
269,998
86,999
250,1000
250,1001
318,1002
184,1003
269,1004
250,1005
189,1006
199,1007
214,1008
46,1009
269,1010
202,1011
152,1012
101,1013
250,1014
280,1015
280,1016
240,1017
-1,1018
152,1019
189,1020
101,1021
202,1022
269,1023
186,1024
214,1025
101,1026
199,1027
113,1028
282,1029
52,1030
180,1031
162,1032
281,1033
199,1034
318,1035
280,1036
186,1037
250,1038
267,1039
62,1040
206,1041
202,1042
280,1043
282,1044
206,1045
269,1046
101,1047
62,1048
95,1049
269,1050
280,1051
199,1052
267,1053
152,1054
152,1055
282,1056
311,1057
269,1058
101,1059
110,1060
180,1061
130,1062
202,1063
184,1064
162,1065
206,1066
275,1067
296,1068
269,1069
62,1070
272,1071
46,1072
282,1073
130,1074
152,1075
272,1076
269,1077
180,1078
62,1079
62,1080
110,1081
199,1082
189,1083
275,1084
175,1085
130,1086
150,1087
199,1088
118,1089
280,1090
209,1091
293,1092
101,1093
101,1094
152,1095
269,1096
267,1097
62,1098
62,1099
189,1100
162,1101
101,1102
103,1103
62,1104
177,1105
244,1106
311,1107
-1,1108
202,1109
272,1110
150,1111
184,1112
250,1113
103,1114
209,1115
273,1116
220,1117
186,1118
304,1119
49,1120
78,1121
201,1122
281,1123
285,1124
296,1125
50,1126
-1,1127
230,1128
304,1129
225,1130
201,1131
277,1132
275,1133
296,1134
125,1135
304,1136
279,1137
281,1138
220,1139
296,1140
133,1141
250,1142
91,1143
299,1144
113,1145
281,1146
122,1147
275,1148
201,1149
295,1150
295,1151
248,1152
122,1153
152,1154
91,1155
48,1156
281,1157
277,1158
63,1159
62,1160
285,1161
118,1162
201,1163
-1,1164
56,1165
56,1166
285,1167
117,1168
279,1169
279,1170
91,1171
152,1172
41,1173
281,1174
151,1175
250,1176
285,1177
122,1178
236,1179
275,1180
296,1181
166,1182
122,1183
62,1184
186,1185
279,1186
236,1187
242,1188
248,1189
320,1190
230,1191
152,1192
152,1193
118,1194
323,1195
236,1196
201,1197
201,1198
151,1199
279,1200
67,1201
285,1202
313,1203
287,1204
287,1205
296,1206
118,1207
323,1208
242,1209
323,1210
291,1211
250,1212
276,1213
220,1214
56,1215
113,1216
277,1217
285,1218
249,1219
201,1220
67,1221
316,1222
209,1223
300,1224
125,1225
160,1226
125,1227
-1,1228
249,1229
230,1230
313,1231
248,1232
242,1233
262,1234
225,1235
151,1236
133,1237
160,1238
319,1239
323,1240
112,1241
125,1242
313,1243
248,1244
151,1245
270,1246
225,1247
295,1248
296,1249
209,1250
84,1251
160,1252
304,1253
151,1254
230,1255
270,1256
270,1257
68,1258
320,1259
209,1260
304,1261
230,1262
84,1263
225,1264
84,1265
133,1266
304,1267
225,1268
151,1269
151,1270
304,1271
245,1272
80,1273
209,1274
207,1275
58,1276
225,1277
304,1278
125,1279
242,1280
125,1281
166,1282
160,1283
286,1284
225,1285
89,1286
-1,1287
323,1288
230,1289
254,1290
304,1291
125,1292
84,1293
225,1294
84,1295
262,1296
225,1297
304,1298
125,1299
125,1300
151,1301
112,1302
209,1303
304,1304
125,1305
304,1306
262,1307
242,1308
84,1309
286,1310
313,1311
58,1312
84,1313
127,1314
209,1315
304,1316
212,1317
230,1318
254,1319
151,1320
84,1321
125,1322
209,1323
160,1324
68,1325
151,1326
287,1327
242,1328
75,1329
225,1330
248,1331
304,1332
230,1333
68,1334
68,1335
270,1336
209,1337
209,1338
209,1339
323,1340
63,1341
291,1342
209,1343
323,1344
84,1345
84,1346
133,1347
160,1348
80,1349
209,1350
209,1351
304,1352
84,1353
90,1354
286,1355
225,1356
58,1357
133,1358
-1,1359
291,1360
90,1361
84,1362
125,1363
84,1364
323,1365
262,1366
230,1367
151,1368
245,1369
304,1370
225,1371
84,1372
262,1373
133,1374
151,1375
247,1376
296,1377
-1,1378
242,1379
304,1380
133,1381
323,1382
242,1383
230,1384
324,1385
109,1386
114,1387
90,1388
291,1389
287,1390
156,1391
300,1392
245,1393
142,1394
326,1395
90,1396
287,1397
66,1398
81,1399
300,1400
156,1401
81,1402
217,1403
256,1404
50,1405
92,1406
81,1407
90,1408
300,1409
138,1410
217,1411
168,1412
217,1413
109,1414
109,1415
326,1416
324,1417
287,1418
291,1419
287,1420
330,1421
299,1422
316,1423
291,1424
156,1425
330,1426
291,1427
66,1428
326,1429
167,1430
326,1431
66,1432
260,1433
66,1434
85,1435
263,1436
138,1437
330,1438
287,1439
324,1440
300,1441
156,1442
85,1443
300,1444
85,1445
287,1446
326,1447
140,1448
140,1449
287,1450
168,1451
109,1452
127,1453
127,1454
300,1455
300,1456
245,1457
291,1458
324,1459
300,1460
217,1461
54,1462
287,1463
245,1464
260,1465
263,1466
92,1467
156,1468
44,1469
330,1470
90,1471
85,1472
66,1473
66,1474
127,1475
146,1476
300,1477
324,1478
222,1479
255,1480
324,1481
90,1482
287,1483
127,1484
140,1485
167,1486
291,1487
217,1488
140,1489
326,1490
256,1491
263,1492
263,1493
316,1494
291,1495
263,1496
207,1497
100,1498
85,1499
300,1500
291,1501
207,1502
291,1503
142,1504
142,1505
127,1506
300,1507
100,1508
109,1509
109,1510
330,1511
140,1512
217,1513
300,1514
260,1515
326,1516
138,1517
324,1518
260,1519
245,1520
260,1521
191,1522
247,1523
247,1524
161,1525
316,1526
140,1527
60,1528
167,1529
114,1530
156,1531
161,1532
263,1533
300,1534
263,1535
256,1536
326,1537
262,1538
316,1539
92,1540
300,1541
81,1542
263,1543
326,1544
212,1545
94,1546
54,1547
316,1548
316,1549
326,1550
263,1551
92,1552
54,1553
300,1554
167,1555
260,1556
326,1557
138,1558
109,1559
217,1560
260,1561
142,1562
262,1563
81,1564
191,1565
316,1566
138,1567
255,1568
316,1569
207,1570
227,1571
255,1572
92,1573
85,1574
287,1575
191,1576
324,1577
138,1578
330,1579
256,1580
256,1581
217,1582
142,1583
300,1584
167,1585
326,1586
109,1587
138,1588
291,1589
142,1590
94,1591
94,1592
49,1593
54,1594
227,1595
81,1596
54,1597
263,1598
222,1599
255,1600
81,1601
239,1602
270,1603
81,1604
255,1605
222,1606
239,1607
324,1608
270,1609
75,1610
255,1611
50,1612
239,1613
290,1614
227,1615
94,1616
212,1617
176,1618
163,1619
163,1620
270,1621
81,1622
163,1623
212,1624
49,1625
61,1626
239,1627
176,1628
94,1629
263,1630
319,1631
212,1632
154,1633
49,1634
212,1635
222,1636
212,1637
49,1638
151,1639
154,1640
81,1641
262,1642
51,1643
222,1644
75,1645
319,1646
222,1647
207,1648
51,1649
222,1650
212,1651
262,1652
255,1653
270,1654
262,1655
68,1656
212,1657
222,1658
81,1659
270,1660
326,1661
154,1662
222,1663
222,1664
154,1665
270,1666
176,1667
168,1668
256,1669
222,1670
54,1671
239,1672
263,1673
81,1674
290,1675
50,1676
222,1677
239,1678
81,1679
163,1680
81,1681
324,1682
75,1683
61,1684
75,1685
222,1686
331,1687
-1,1688
240,1689
332,1690
190,1691
190,1692
118,1693
118,1694
91,1695
-1,1696
268,1697
106,1698
246,1699
226,1700
106,1701
121,1702
332,1703
226,1704
190,1705
123,1706
118,1707
332,1708
118,1709
91,1710
48,1711
271,1712
123,1713
123,1714
123,1715
123,1716
123,1717
257,1718
271,1719
271,1720
328,1721
328,1722
246,1723
246,1724
303,1725
317,1726
317,1727
132,1728
174,1729
174,1730
-1,1731
174,1732
174,1733
174,1734
174,1735
303,1736
303,1737
174,1738
317,1739
132,1740
303,1741
303,1742
174,1743
174,1744
132,1745
303,1746
248,1747
248,1748
58,1749
13,1750
13,1751
155,1752
315,1753
13,1754
13,1755
165,1756
190,1757
72,1758
259,1759
289,1760
259,1761
298,1762
323,1763
277,1764
295,1765
295,1766
323,1767
216,1768
258,1769
323,1770
317,1771
268,1772
268,1773
112,1774
112,1775
295,1776
313,1777
58,1778
323,1779
289,1780
33,1781
33,1782
233,1783
13,1784
226,1785
64,1786
226,1787
121,1788
121,1789
186,1790
103,1791
214,1792
248,1793
89,1794
313,1795
295,1796
13,1797
333,1798
289,1799
289,1800
289,1801
64,1802
-1,1803
134,1804
64,1805
121,1806
190,1807
214,1808
186,1809
248,1810
248,1811
323,1812
323,1813
248,1814
331,1815
-1,1816
315,1817
13,1818
155,1819
155,1820
134,1821
134,1822
134,1823
231,1824
190,1825
123,1826
123,1827
186,1828
214,1829
220,1830
186,1831
220,1832
323,1833
248,1834
333,1835
-1,1836
33,1837
155,1838
72,1839
134,1840
64,1841
165,1842
190,1843
165,1844
123,1845
220,1846
113,1847
122,1848
58,1849
58,1850
323,1851
248,1852
58,1853
259,1854
155,1855
289,1856
36,1857
134,1858
134,1859
134,1860
134,1861
141,1862
141,1863
123,1864
257,1865
95,1866
95,1867
248,1868
230,1869
254,1870
248,1871
36,1872
289,1873
233,1874
233,1875
134,1876
-1,1877
134,1878
134,1879
141,1880
257,1881
118,1882
220,1883
166,1884
254,1885
254,1886
254,1887
-1,1888
182,1889
72,1890
233,1891
23,1892
259,1893
134,1894
-1,1895
134,1896
257,1897
141,1898
122,1899
279,1900
122,1901
166,1902
78,1903
166,1904
267,1905
289,1906
182,1907
157,1908
77,1909
271,1910
-1,1911
257,1912
257,1913
257,1914
279,1915
118,1916
91,1917
118,1918
166,1919
290,1920
283,1921
77,1922
271,1923
77,1924
77,1925
329,1926
283,1927
77,1928
77,1929
46,1930
257,1931
257,1932
91,1933
279,1934
334,1935
154,1936
154,1937
328,1938
283,1939
77,1940
77,1941
77,1942
257,1943
257,1944
257,1945
279,1946
334,1947
323,1948
323,1949
290,1950
154,1951
290,1952
77,1953
259,1954
259,1955
93,1956
246,1957
246,1958
271,1959
246,1960
206,1961
323,1962
323,1963
2,1964
182,1965
2,1966
259,1967
182,1968
246,1969
283,1970
246,1971
206,1972
57,1973
112,1974
236,1975
323,1976
248,1977
33,1978
243,1979
173,1980
315,1981
325,1982
93,1983
2,1984
93,1985
93,1986
325,1987
246,1988
208,1989
190,1990
246,1991
57,1992
86,1993
101,1994
323,1995
112,1996
89,1997
323,1998
247,1999
257,2000
257,2001
173,2002
7,2003
268,2004
283,2005
283,2006
283,2007
246,2008
214,2009
110,2010
313,2011
323,2012
323,2013
323,2014
206,2015
206,2016
206,2017
315,2018
7,2019
268,2020
235,2021
200,2022
283,2023
208,2024
57,2025
103,2026
103,2027
103,2028
323,2029
323,2030
248,2031
248,2032
243,2033
-1,2034
13,2035
235,2036
226,2037
226,2038
246,2039
246,2040
214,2041
267,2042
186,2043
248,2044
313,2045
89,2046
246,2047
327,2048
246,2049
246,2050
246,2051
246,2052
131,2053
-1,2054
28,2055
327,2056
131,2057
327,2058
-1,2059
151,2060
151,2061
131,2062
327,2063
327,2064
-1,2065
-1,2066
267,2067
168,2068
168,2069
271,2070
271,2071
271,2072
246,2073
216,2074
79,2075
216,2076
216,2077
317,2078
317,2079
317,2080
258,2081
317,2082
258,2083
258,2084
317,2085
258,2086
317,2087
317,2088
195,2089
182,2090
97,2091
97,2092
226,2093
132,2094
234,2095
174,2096
182,2097
97,2098
97,2099
314,2100
234,2101
303,2102
303,2103
88,2104
174,2105
258,2106
174,2107
174,2108
174,2109
97,2110
97,2111
234,2112
234,2113
314,2114
317,2115
210,2116
174,2117
317,2118
174,2119
79,2120
-1,2121
303,2122
88,2123
88,2124
174,2125
174,2126
182,2127
97,2128
97,2129
303,2130
40,2131
40,2132
234,2133
234,2134
317,2135
97,2136
234,2137
104,2138
-1,2139
314,2140
317,2141
314,2142
303,2143
182,2144
182,2145
188,2146
234,2147
234,2148
314,2149
303,2150
88,2151
314,2152
88,2153
314,2154
182,2155
104,2156
195,2157
182,2158
97,2159
79,2160
303,2161
88,2162
88,2163
76,2164
182,2165
174,2166
76,2167
195,2168
174,2169
76,2170
97,2171
104,2172
-1,2173
-1,2174
88,2175
317,2176
317,2177
132,2178
234,2179
174,2180
174,2181
76,2182
195,2183
104,2184
234,2185
174,2186
314,2187
258,2188
174,2189
97,2190
97,2191
314,2192
317,2193
317,2194
182,2195
97,2196
218,2197
174,2198
311,2199
151,2200
151,2201
226,2202
238,2203
257,2204
249,2205
75,2206
51,2207
287,2208
328,2209
257,2210
51,2211
-1,2212
238,2213
75,2214
75,2215
64,2216
52,2217
242,2218
114,2219
-1,2220
300,2221
165,2222
223,2223
311,2224
48,2225
242,2226
300,2227
300,2228
193,2229
242,2230
226,2231
223,2232
165,2233
235,2234
229,2235
226,2236
77,2237
213,2238
213,2239
229,2240
242,2241
242,2242
226,2243
144,2244
144,2245
144,2246
151,2247
151,2248
229,2249
49,2250
287,2251
287,2252
287,2253
245,2254
245,2255
245,2256
245,2257
129,2258
205,2259
288,2260
-1,2261
17,2262
99,2263
-1,2264
33,2265
155,2266
145,2267
298,2268
33,2269
145,2270
145,2271
13,2272
33,2273
155,2274
155,2275
298,2276
182,2277
2,2278
82,2279
-1,2280
259,2281
259,2282
36,2283
335,2284
82,2285
259,2286
333,2287
17,2288
-1,2289
289,2290
-1,2291
13,2292
298,2293
259,2294
157,2295
302,2296
289,2297
155,2298
289,2299
301,2300
289,2301
289,2302
173,2303
17,2304
145,2305
-1,2306
335,2307
4,2308
19,2309
243,2310
7,2311
7,2312
243,2313
259,2314
17,2315
335,2316
298,2317
233,2318
-1,2319
145,2320
182,2321
298,2322
289,2323
315,2324
145,2325
259,2326
17,2327
26,2328
27,2329
27,2330
234,2331
215,2332
218,2333
181,2334
200,2335
34,2336
8,2337
312,2338
200,2339
34,2340
-1,2341
266,2342
-1,2343
223,2344
27,2345
305,2346
16,2347
99,2348
28,2349
258,2350
-1,2351
258,2352
258,2353
314,2354
195,2355
38,2356
200,2357
200,2358
266,2359
-1,2360
200,2361
183,2362
183,2363
198,2364
0,2365
0,2366
0,2367
43,2368
271,2369
147,2370
325,2371
129,2372
179,2373
24,2374
24,2375
258,2376
321,2377
195,2378
268,2379
187,2380
34,2381
194,2382
182,2383
259,2384
99,2385
99,2386
129,2387
129,2388
104,2389
-1,2390
3,2391
187,2392
187,2393
8,2394
39,2395
21,2396
39,2397
321,2398
193,2399
318,2400
38,2401
148,2402
159,2403
182,2404
228,2405
16,2406
158,2407
-1,2408
28,2409
232,2410
234,2411
104,2412
9,2413
195,2414
195,2415
321,2416
321,2417
257,2418
266,2419
9,2420
-1,2421
147,2422
0,2423
307,2424
2,2425
298,2426
298,2427
2,2428
228,2429
65,2430
205,2431
-1,2432
205,2433
104,2434
104,2435
218,2436
218,2437
-1,2438
198,2439
200,2440
34,2441
321,2442
282,2443
165,2444
183,2445
328,2446
111,2447
159,2448
329,2449
328,2450
298,2451
298,2452
205,2453
22,2454
265,2455
104,2456
10,2457
265,2458
314,2459
0,2460
74,2461
213,2462
213,2463
221,2464
183,2465
306,2466
198,2467
0,2468
307,2469
307,2470
2,2471
288,2472
322,2473
158,2474
179,2475
24,2476
-1,2477
328,2478
261,2479
0,2480
8,2481
229,2482
318,2483
280,2484
26,2485
119,2486
261,2487
-1,2488
93,2489
325,2490
310,2491
297,2492
265,2493
139,2494
6,2495
120,2496
218,2497
174,2498
327,2499
136,2500
74,2501
74,2502
-1,2503
269,2504
280,2505
280,2506
266,2507
20,2508
185,2509
65,2510
322,2511
288,2512
297,2513
-1,2514
6,2515
215,2516
218,2517
328,2518
328,2519
3,2520
38,2521
39,2522
-1,2523
189,2524
214,2525
198,2526
26,2527
328,2528
261,2529
194,2530
241,2531
-1,2532
129,2533
310,2534
-1,2535
310,2536
265,2537
16,2538
218,2539
218,2540
171,2541
218,2542
3,2543
181,2544
328,2545
321,2546
213,2547
214,2548
266,2549
221,2550
328,2551
185,2552
4,2553
305,2554
196,2555
99,2556
16,2557
297,2558
218,2559
265,2560
218,2561
314,2562
321,2563
174,2564
195,2565
-1,2566
106,2567
9,2568
198,2569
26,2570
305,2571
59,2572
310,2573
22,2574
22,2575
22,2576
265,2577
218,2578
218,2579
-1,2580
292,2581
213,2582
9,2583
266,2584
-1,2585
185,2586
185,2587
148,2588
271,2589
223,2590
22,2591
22,2592
265,2593
210,2594
-1,2595
292,2596
174,2597
-1,2598
195,2599
213,2600
9,2601
266,2602
221,2603
159,2604
148,2605
261,2606
0,2607
27,2608
325,2609
129,2610
97,2611
16,2612
104,2613
258,2614
181,2615
-1,2616
181,2617
35,2618
35,2619
35,2620
195,2621
200,2622
18,2623
183,2624
9,2625
194,2626
194,2627
148,2628
99,2629
99,2630
196,2631
-1,2632
97,2633
265,2634
265,2635
258,2636
210,2637
3,2638
210,2639
3,2640
174,2641
34,2642
8,2643
21,2644
200,2645
34,2646
307,2647
119,2648
114,2649
114,2650
124,2651
253,2652
144,2653
190,2654
238,2655
190,2656
318,2657
269,2658
46,2659
-1,2660
71,2661
250,2662
214,2663
296,2664
242,2665
63,2666
160,2667
75,2668
222,2669
138,2670
114,2671
109,2672
43,2673
43,2674
274,2675
165,2676
165,2677
177,2678
280,2679
162,2680
220,2681
250,2682
220,2683
277,2684
277,2685
133,2686
254,2687
133,2688
222,2689
51,2690
51,2691
109,2692
300,2693
43,2694
128,2695
274,2696
318,2697
318,2698
141,2699
269,2700
269,2701
206,2702
206,2703
110,2704
57,2705
-1,2706
276,2707
209,2708
242,2709
286,2710
75,2711
51,2712
300,2713
136,2714
124,2715
128,2716
128,2717
318,2718
257,2719
165,2720
141,2721
162,2722
267,2723
220,2724
95,2725
285,2726
254,2727
163,2728
222,2729
300,2730
263,2731
207,2732
114,2733
43,2734
124,2735
136,2736
238,2737
327,2738
208,2739
124,2740
128,2741
238,2742
327,2743
55,2744
130,2745
318,2746
83,2747
272,2748
206,2749
57,2750
162,2751
162,2752
63,2753
249,2754
50,2755
207,2756
27,2757
-1,2758
271,2759
55,2760
294,2761
123,2762
280,2763
141,2764
280,2765
52,2766
162,2767
276,2768
118,2769
248,2770
80,2771
313,2772
100,2773
100,2774
207,2775
136,2776
136,2777
281,2778
190,2779
96,2780
269,2781
280,2782
214,2783
214,2784
152,2785
250,2786
113,2787
249,2788
50,2789
176,2790
54,2791
50,2792
316,2793
260,2794
231,2795
128,2796
231,2797
264,2798
238,2799
257,2800
269,2801
162,2802
186,2803
101,2804
276,2805
276,2806
56,2807
249,2808
94,2809
163,2810
94,2811
50,2812
260,2813
316,2814
253,2815
209,2816
80,2817
283,2818
136,2819
96,2820
318,2821
257,2822
186,2823
101,2824
276,2825
91,2826
277,2827
89,2828
50,2829
92,2830
92,2831
142,2832
127,2833
124,2834
43,2835
271,2836
80,2837
209,2838
163,2839
190,2840
190,2841
282,2842
237,2843
177,2844
280,2845
86,2846
267,2847
267,2848
281,2849
281,2850
285,2851
91,2852
277,2853
249,2854
84,2855
133,2856
92,2857
100,2858
227,2859
127,2860
168,2861
136,2862
-1,2863
270,2864
61,2865
128,2866
136,2867
190,2868
55,2869
237,2870
257,2871
282,2872
101,2873
101,2874
152,2875
276,2876
84,2877
319,2878
290,2879
227,2880
227,2881
245,2882
161,2883
127,2884
247,2885
238,2886
283,2887
128,2888
294,2889
282,2890
318,2891
206,2892
280,2893
152,2894
236,2895
236,2896
89,2897
89,2898
262,2899
156,2900
156,2901
300,2902
127,2903
127,2904
136,2905
137,2906
271,2907
190,2908
253,2909
327,2910
311,2911
318,2912
280,2913
110,2914
280,2915
189,2916
62,2917
56,2918
273,2919
262,2920
78,2921
270,2922
217,2923
156,2924
66,2925
245,2926
130,2927
282,2928
165,2929
177,2930
311,2931
141,2932
280,2933
280,2934
214,2935
236,2936
296,2937
319,2938
154,2939
75,2940
217,2941
255,2942
44,2943
66,2944
66,2945
66,2946
245,2947
327,2948
136,2949
238,2950
55,2951
280,2952
46,2953
272,2954
214,2955
250,2956
95,2957
281,2958
201,2959
277,2960
89,2961
225,2962
319,2963
270,2964
262,2965
44,2966
156,2967
44,2968
245,2969
299,2970
253,2971
124,2972
253,2973
144,2974
274,2975
327,2976
238,2977
96,2978
55,2979
175,2980
311,2981
282,2982
57,2983
272,2984
57,2985
281,2986
56,2987
112,2988
320,2989
277,2990
160,2991
270,2992
75,2993
270,2994
60,2995
227,2996
60,2997
198,2998
251,2999
261,3000
261,3001
264,3002
306,3003
105,3004
27,3005
329,3006
147,3007
274,3008
329,3009
211,3010
294,3011
306,3012
198,3013
27,3014
261,3015
194,3016
283,3017
211,3018
198,3019
241,3020
211,3021
211,3022
148,3023
137,3024
241,3025
283,3026
211,3027
147,3028
211,3029
105,3030
27,3031
241,3032
283,3033
211,3034
327,3035
211,3036
135,3037
228,3038
196,3039
2,3040
65,3041
228,3042
65,3043
158,3044
310,3045
288,3046
188,3047
232,3048
265,3049
179,3050
10,3051
87,3052
139,3053
232,3054
30,3055
10,3056
179,3057
98,3058
98,3059
87,3060
215,3061
98,3062
259,3063
233,3064
233,3065
233,3066
157,3067
233,3068
233,3069
157,3070
36,3071
36,3072
47,3073
305,3074
305,3075
47,3076
82,3077
13,3078
173,3079
116,3080
13,3081
301,3082
11,3083
233,3084
157,3085
289,3086
182,3087
17,3088
298,3089
157,3090
228,3091
305,3092
298,3093
65,3094
305,3095
305,3096
65,3097
59,3098
302,3099
7,3100
19,3101
33,3102
13,3103
19,3104
155,3105
116,3106
233,3107
13,3108
145,3109
259,3110
233,3111
93,3112
23,3113
196,3114
2,3115
196,3116
298,3117
126,3118
65,3119
325,3120
99,3121
65,3122
4,3123
325,3124
47,3125
158,3126
59,3127
288,3128
82,3129
173,3130
82,3131
19,3132
301,3133
13,3134
19,3135
243,3136
145,3137
335,3138
233,3139
17,3140
301,3141
233,3142
2,3143
23,3144
325,3145
305,3146
2,3147
2,3148
2,3149
126,3150
31,3151
31,3152
16,3153
243,3154
243,3155
19,3156
315,3157
13,3158
145,3159
17,3160
17,3161
116,3162
157,3163
157,3164
157,3165
298,3166
-1,3167
325,3168
325,3169
305,3170
298,3171
65,3172
305,3173
126,3174
129,3175
126,3176
65,3177
4,3178
47,3179
47,3180
192,3181
302,3182
82,3183
315,3184
243,3185
243,3186
155,3187
155,3188
11,3189
145,3190
289,3191
301,3192
301,3193
233,3194
233,3195
17,3196
2,3197
2,3198
4,3199
157,3200
228,3201
228,3202
305,3203
298,3204
2,3205
2,3206
2,3207
2,3208
2,3209
126,3210
158,3211
158,3212
158,3213
315,3214
173,3215
7,3216
315,3217
33,3218
335,3219
13,3220
145,3221
315,3222
233,3223
233,3224
259,3225
2,3226
126,3227
2,3228
126,3229
2,3230
298,3231
126,3232
305,3233
2,3234
126,3235
47,3236
305,3237
288,3238
173,3239
-1,3240
13,3241
33,3242
17,3243
233,3244
13,3245
155,3246
301,3247
233,3248
36,3249
233,3250
17,3251
157,3252
4,3253
23,3254
23,3255
4,3256
298,3257
2,3258
325,3259
2,3260
196,3261
99,3262
265,3263
47,3264
22,3265
310,3266
19,3267
155,3268
243,3269
289,3270
155,3271
36,3272
301,3273
259,3274
157,3275
23,3276
298,3277
2,3278
2,3279
65,3280
126,3281
93,3282
65,3283
305,3284
126,3285
4,3286
196,3287
31,3288
288,3289
7,3290
19,3291
13,3292
-1,3293
17,3294
13,3295
155,3296
233,3297
301,3298
289,3299
289,3300
233,3301
17,3302
259,3303
157,3304
298,3305
228,3306
2,3307
126,3308
2,3309
65,3310
31,3311
325,3312
65,3313
47,3314
59,3315
13,3316
19,3317
145,3318
11,3319
11,3320
116,3321
36,3322
157,3323
23,3324
298,3325
36,3326
36,3327
93,3328
325,3329
228,3330
259,3331
157,3332
99,3333
298,3334
325,3335
305,3336
126,3337
305,3338
305,3339
310,3340
305,3341
19,3342
173,3343
19,3344
155,3345
301,3346
36,3347
259,3348
72,3349
17,3350
36,3351
36,3352
36,3353
157,3354
325,3355
305,3356
126,3357
305,3358
28,3359
158,3360
59,3361
310,3362
205,3363
173,3364
315,3365
302,3366
173,3367
243,3368
315,3369
13,3370
13,3371
233,3372
17,3373
259,3374
259,3375
4,3376
157,3377
298,3378
325,3379
65,3380
126,3381
126,3382
126,3383
65,3384
4,3385
325,3386
28,3387
310,3388
28,3389
16,3390
82,3391
13,3392
19,3393
7,3394
315,3395
11,3396
289,3397
17,3398
72,3399
17,3400
116,3401
23,3402
233,3403
36,3404
36,3405
23,3406
196,3407
157,3408
298,3409
126,3410
99,3411
228,3412
47,3413
31,3414
196,3415
305,3416
126,3417
126,3418
305,3419
158,3420
173,3421
243,3422
301,3423
301,3424
13,3425
233,3426
72,3427
72,3428
2,3429
182,3430
325,3431
116,3432
157,3433
157,3434
325,3435
298,3436
228,3437
59,3438
2,3439
305,3440
2,3441
93,3442
305,3443
305,3444
65,3445
288,3446
59,3447
47,3448
16,3449
173,3450
19,3451
173,3452
315,3453
289,3454
11,3455
72,3456
233,3457
289,3458
157,3459
23,3460
72,3461
157,3462
-1,3463
126,3464
228,3465
16,3466
65,3467
325,3468
196,3469
126,3470
65,3471
196,3472
305,3473
305,3474
305,3475
305,3476
31,3477
315,3478
19,3479
289,3480
301,3481
13,3482
13,3483
116,3484
298,3485
228,3486
126,3487
325,3488
2,3489
325,3490
325,3491
31,3492
305,3493
47,3494
120,3495
284,3496
120,3497
252,3498
258,3499
268,3500
158,3501
31,3502
310,3503
322,3504
6,3505
143,3506
310,3507
192,3508
216,3509
143,3510
297,3511
297,3512
143,3513
192,3514
297,3515
179,3516
179,3517
178,3518
232,3519
188,3520
188,3521
188,3522
139,3523
139,3524
139,3525
98,3526
24,3527
188,3528
317,3529
87,3530
215,3531
308,3532
308,3533
308,3534
314,3535
252,3536
284,3537
59,3538
6,3539
322,3540
310,3541
232,3542
192,3543
143,3544
22,3545
322,3546
16,3547
192,3548
322,3549
322,3550
179,3551
179,3552
139,3553
178,3554
232,3555
178,3556
132,3557
139,3558
87,3559
188,3560
232,3561
188,3562
87,3563
308,3564
284,3565
284,3566
308,3567
284,3568
308,3569
45,3570
224,3571
308,3572
8,3573
322,3574
31,3575
6,3576
310,3577
322,3578
205,3579
59,3580
158,3581
192,3582
310,3583
79,3584
322,3585
22,3586
322,3587
322,3588
288,3589
132,3590
79,3591
139,3592
232,3593
79,3594
10,3595
87,3596
87,3597
139,3598
98,3599
15,3600
303,3601
317,3602
317,3603
87,3604
87,3605
218,3606
284,3607
312,3608
288,3609
305,3610
288,3611
288,3612
322,3613
310,3614
265,3615
288,3616
192,3617
310,3618
322,3619
322,3620
232,3621
322,3622
179,3623
132,3624
132,3625
188,3626
24,3627
139,3628
303,3629
15,3630
308,3631
303,3632
3,3633
87,3634
308,3635
284,3636
308,3637
284,3638
284,3639
28,3640
305,3641
16,3642
59,3643
59,3644
192,3645
297,3646
322,3647
22,3648
288,3649
192,3650
192,3651
288,3652
179,3653
297,3654
322,3655
232,3656
232,3657
139,3658
132,3659
139,3660
30,3661
178,3662
-1,3663
139,3664
98,3665
188,3666
218,3667
317,3668
218,3669
45,3670
120,3671
35,3672
120,3673
312,3674
35,3675
308,3676
59,3677
310,3678
305,3679
322,3680
310,3681
16,3682
310,3683
6,3684
143,3685
297,3686
297,3687
322,3688
322,3689
297,3690
297,3691
265,3692
297,3693
297,3694
79,3695
265,3696
232,3697
215,3698
232,3699
98,3700
188,3701
308,3702
188,3703
171,3704
317,3705
303,3706
284,3707
317,3708
45,3709
178,3710
284,3711
284,3712
252,3713
8,3714
15,3715
-1,3716
16,3717
158,3718
297,3719
6,3720
216,3721
322,3722
322,3723
179,3724
178,3725
322,3726
132,3727
265,3728
139,3729
139,3730
179,3731
232,3732
30,3733
188,3734
98,3735
171,3736
171,3737
188,3738
284,3739
308,3740
308,3741
45,3742
45,3743
303,3744
308,3745
178,3746
15,3747
314,3748
284,3749
120,3750
215,3751
31,3752
59,3753
310,3754
288,3755
143,3756
192,3757
192,3758
192,3759
322,3760
132,3761
139,3762
139,3763
232,3764
24,3765
232,3766
178,3767
178,3768
10,3769
30,3770
139,3771
308,3772
308,3773
171,3774
215,3775
215,3776
308,3777
258,3778
308,3779
284,3780
31,3781
59,3782
59,3783
192,3784
205,3785
192,3786
22,3787
265,3788
179,3789
139,3790
22,3791
132,3792
265,3793
232,3794
132,3795
139,3796
188,3797
87,3798
171,3799
218,3800
218,3801
178,3802
188,3803
284,3804
284,3805
303,3806
120,3807
308,3808
284,3809
15,3810
310,3811
305,3812
-1,3813
322,3814
192,3815
265,3816
310,3817
192,3818
288,3819
310,3820
322,3821
322,3822
192,3823
310,3824
179,3825
79,3826
297,3827
22,3828
297,3829
265,3830
10,3831
232,3832
98,3833
30,3834
139,3835
171,3836
98,3837
188,3838
24,3839
188,3840
98,3841
308,3842
178,3843
188,3844
218,3845
178,3846
284,3847
224,3848
312,3849
284,3850
308,3851
308,3852
47,3853
16,3854
16,3855
59,3856
192,3857
310,3858
143,3859
158,3860
192,3861
310,3862
143,3863
192,3864
22,3865
192,3866
322,3867
322,3868
297,3869
288,3870
297,3871
6,3872
-1,3873
132,3874
179,3875
188,3876
139,3877
87,3878
232,3879
216,3880
24,3881
178,3882
308,3883
87,3884
178,3885
120,3886
218,3887
308,3888
35,3889
308,3890
308,3891
120,3892
224,3893
321,3894
321,3895
310,3896
158,3897
310,3898
310,3899
297,3900
322,3901
322,3902
192,3903
310,3904
143,3905
310,3906
192,3907
288,3908
139,3909
139,3910
232,3911
232,3912
132,3913
171,3914
188,3915
171,3916
171,3917
87,3918
15,3919
98,3920
308,3921
45,3922
314,3923
15,3924
215,3925
35,3926
28,3927
158,3928
322,3929
158,3930
192,3931
192,3932
10,3933
22,3934
288,3935
297,3936
297,3937
179,3938
188,3939
232,3940
188,3941
139,3942
232,3943
98,3944
98,3945
87,3946
15,3947
188,3948
303,3949
15,3950
284,3951
308,3952
171,3953
45,3954
284,3955
15,3956
120,3957
292,3958
3,3959
181,3960
45,3961
8,3962
252,3963
215,3964
288,3965
288,3966
22,3967
192,3968
192,3969
297,3970
322,3971
22,3972
322,3973
143,3974
132,3975
24,3976
265,3977
132,3978
24,3979
232,3980
132,3981
188,3982
178,3983
98,3984
232,3985
178,3986
87,3987
87,3988
308,3989
87,3990
303,3991
284,3992
10,3993
218,3994
312,3995
120,3996
8,3997
3,3998
252,3999
8,4000
322,4001
310,4002
158,4003
192,4004
158,4005
322,4006
-1,4007
158,4008
322,4009
205,4010
22,4011
132,4012
179,4013
179,4014
322,4015
171,4016
10,4017
139,4018
188,4019
188,4020
24,4021
171,4022
178,4023
120,4024
45,4025
215,4026
15,4027
284,4028
120,4029
35,4030
292,4031
252,4032
158,4033
6,4034
310,4035
143,4036
192,4037
322,4038
6,4039
143,4040
205,4041
322,4042
322,4043
322,4044
322,4045
192,4046
322,4047
79,4048
10,4049
232,4050
232,4051
216,4052
215,4053
232,4054
139,4055
24,4056
188,4057
218,4058
171,4059
171,4060
284,4061
87,4062
215,4063
45,4064
218,4065
115,4066
309,4067
307,4068
159,4069
119,4070
32,4071
312,4072
292,4073
32,4074
197,4075
32,4076
268,4077
106,4078
203,4079
149,4080
153,4081
34,4082
34,4083
34,4084
149,4085
226,4086
34,4087
183,4088
9,4089
115,4090
18,4091
115,4092
221,4093
185,4094
221,4095
26,4096
73,4097
306,4098
306,4099
-1,4100
0,4101
194,4102
308,4103
3,4104
224,4105
204,4106
292,4107
215,4108
76,4109
32,4110
21,4111
32,4112
200,4113
32,4114
149,4115
74,4116
42,4117
149,4118
149,4119
311,4120
266,4121
53,4122
204,4123
266,4124
34,4125
226,4126
106,4127
309,4128
153,4129
42,4130
34,4131
309,4132
153,4133
187,4134
309,4135
261,4136
18,4137
18,4138
221,4139
221,4140
183,4141
221,4142
306,4143
9,4144
21,4145
21,4146
76,4147
312,4148
204,4149
268,4150
204,4151
76,4152
266,4153
39,4154
312,4155
312,4156
193,4157
32,4158
292,4159
38,4160
292,4161
53,4162
204,4163
74,4164
309,4165
0,4166
46,4167
53,4168
149,4169
235,4170
172,4171
309,4172
309,4173
153,4174
115,4175
169,4176
187,4177
221,4178
172,4179
115,4180
73,4181
221,4182
0,4183
183,4184
292,4185
8,4186
8,4187
53,4188
292,4189
292,4190
203,4191
8,4192
8,4193
224,4194
203,4195
224,4196
292,4197
53,4198
268,4199
268,4200
312,4201
292,4202
292,4203
292,4204
261,4205
9,4206
311,4207
266,4208
213,4209
172,4210
149,4211
309,4212
34,4213
187,4214
187,4215
115,4216
169,4217
183,4218
0,4219
224,4220
203,4221
224,4222
35,4223
292,4224
292,4225
204,4226
74,4227
312,4228
32,4229
204,4230
203,4231
321,4232
119,4233
9,4234
311,4235
149,4236
321,4237
226,4238
172,4239
18,4240
309,4241
149,4242
309,4243
309,4244
18,4245
115,4246
115,4247
119,4248
9,4249
111,4250
164,4251
159,4252
-1,4253
292,4254
21,4255
312,4256
197,4257
292,4258
204,4259
38,4260
312,4261
292,4262
312,4263
32,4264
102,4265
200,4266
32,4267
194,4268
183,4269
198,4270
83,4271
177,4272
53,4273
149,4274
34,4275
235,4276
235,4277
169,4278
309,4279
106,4280
172,4281
187,4282
187,4283
9,4284
187,4285
261,4286
194,4287
261,4288
261,4289
0,4290
8,4291
224,4292
312,4293
224,4294
38,4295
203,4296
312,4297
312,4298
32,4299
266,4300
74,4301
197,4302
170,4303
203,4304
42,4305
213,4306
226,4307
169,4308
18,4309
204,4310
187,4311
183,4312
213,4313
309,4314
172,4315
64,4316
9,4317
221,4318
307,4319
221,4320
115,4321
292,4322
35,4323
292,4324
292,4325
203,4326
312,4327
203,4328
21,4329
-1,4330
312,4331
34,4332
164,4333
203,4334
-1,4335
102,4336
266,4337
34,4338
200,4339
153,4340
42,4341
18,4342
18,4343
187,4344
169,4345
309,4346
153,4347
169,4348
115,4349
159,4350
252,4351
224,4352
292,4353
292,4354
312,4355
32,4356
76,4357
203,4358
203,4359
312,4360
292,4361
292,4362
149,4363
172,4364
213,4365
231,4366
321,4367
149,4368
53,4369
153,4370
309,4371
18,4372
153,4373
229,4374
172,4375
26,4376
153,4377
183,4378
169,4379
229,4380
0,4381
169,4382
170,4383
164,4384
8,4385
195,4386
308,4387
204,4388
203,4389
224,4390
204,4391
312,4392
53,4393
203,4394
292,4395
32,4396
-1,4397
74,4398
-1,4399
231,4400
190,4401
53,4402
-1,4403
229,4404
149,4405
149,4406
42,4407
172,4408
187,4409
18,4410
172,4411
309,4412
169,4413
187,4414
309,4415
9,4416
111,4417
159,4418
229,4419
183,4420
183,4421
169,4422
183,4423
183,4424
170,4425
261,4426
223,4427
35,4428
321,4429
181,4430
35,4431
181,4432
321,4433
203,4434
321,4435
312,4436
204,4437
-1,4438
197,4439
253,4440
309,4441
309,4442
149,4443
172,4444
187,4445
221,4446
187,4447
111,4448
172,4449
187,4450
229,4451
115,4452
169,4453
106,4454
0,4455
185,4456
321,4457
76,4458
292,4459
321,4460
21,4461
21,4462
53,4463
32,4464
203,4465
197,4466
240,4467
130,4468
102,4469
172,4470
235,4471
172,4472
42,4473
18,4474
18,4475
18,4476
187,4477
187,4478
172,4479
42,4480
229,4481
0,4482
329,4483
159,4484
159,4485
170,4486
252,4487
258,4488
308,4489
321,4490
224,4491
181,4492
321,4493
197,4494
32,4495
53,4496
172,4497
21,4498
203,4499
149,4500
130,4501
175,4502
204,4503
229,4504
187,4505
18,4506
18,4507
34,4508
187,4509
187,4510
309,4511
9,4512
73,4513
26,4514
106,4515
329,4516
159,4517
0,4518
224,4519
224,4520
292,4521
224,4522
204,4523
32,4524
204,4525
21,4526
102,4527
203,4528
321,4529
102,4530
318,4531
282,4532
131,4533
53,4534
172,4535
169,4536
213,4537
42,4538
42,4539
187,4540
9,4541
73,4542
306,4543
9,4544
221,4545
221,4546
115,4547
159,4548
115,4549
312,4550
35,4551
224,4552
35,4553
181,4554
193,4555
181,4556
203,4557
235,4558
321,4559
53,4560
203,4561
221,4562
327,4563
177,4564
141,4565
102,4566
204,4567
172,4568
18,4569
149,4570
309,4571
309,4572
18,4573
187,4574
172,4575
187,4576
20,4577
0,4578
306,4579
115,4580
73,4581
164,4582
115,4583
32,4584
312,4585
102,4586
204,4587
102,4588
204,4589
34,4590
153,4591
235,4592
169,4593
115,4594
213,4595
169,4596
18,4597
183,4598
306,4599
18,4600
221,4601
187,4602
306,4603
165,4604
164,4605
170,4606
164,4607
164,4608
164,4609
170,4610
9,4611
283,4612
148,4613
124,4614
251,4615
251,4616
124,4617
251,4618
264,4619
237,4620
294,4621
190,4622
294,4623
123,4624
318,4625
237,4626
237,4627
130,4628
130,4629
329,4630
261,4631
198,4632
185,4633
164,4634
198,4635
159,4636
306,4637
27,4638
77,4639
208,4640
137,4641
208,4642
40,4643
27,4644
251,4645
274,4646
55,4647
55,4648
244,4649
123,4650
165,4651
318,4652
240,4653
240,4654
183,4655
137,4656
185,4657
159,4658
159,4659
194,4660
185,4661
283,4662
241,4663
148,4664
264,4665
147,4666
283,4667
283,4668
251,4669
27,4670
231,4671
27,4672
128,4673
135,4674
274,4675
294,4676
294,4677
237,4678
294,4679
131,4680
282,4681
175,4682
244,4683
164,4684
170,4685
306,4686
329,4687
159,4688
147,4689
283,4690
137,4691
121,4692
137,4693
251,4694
251,4695
128,4696
238,4697
294,4698
131,4699
55,4700
244,4701
141,4702
282,4703
165,4704
111,4705
159,4706
170,4707
159,4708
164,4709
170,4710
170,4711
147,4712
148,4713
170,4714
251,4715
208,4716
231,4717
124,4718
128,4719
135,4720
231,4721
231,4722
240,4723
165,4724
244,4725
311,4726
240,4727
131,4728
177,4729
131,4730
194,4731
0,4732
119,4733
159,4734
0,4735
307,4736
147,4737
211,4738
148,4739
147,4740
231,4741
208,4742
283,4743
251,4744
223,4745
253,4746
253,4747
128,4748
135,4749
128,4750
274,4751
131,4752
318,4753
123,4754
177,4755
130,4756
177,4757
119,4758
164,4759
159,4760
26,4761
306,4762
241,4763
198,4764
27,4765
77,4766
124,4767
124,4768
105,4769
251,4770
231,4771
208,4772
231,4773
238,4774
231,4775
144,4776
123,4777
246,4778
237,4779
165,4780
131,4781
282,4782
329,4783
170,4784
164,4785
0,4786
147,4787
111,4788
111,4789
111,4790
185,4791
211,4792
147,4793
137,4794
77,4795
223,4796
77,4797
231,4798
43,4799
40,4800
135,4801
251,4802
251,4803
237,4804
131,4805
294,4806
244,4807
131,4808
190,4809
130,4810
257,4811
165,4812
282,4813
177,4814
64,4815
170,4816
111,4817
306,4818
307,4819
185,4820
198,4821
148,4822
211,4823
283,4824
137,4825
27,4826
-1,4827
238,4828
231,4829
131,4830
131,4831
237,4832
130,4833
165,4834
327,4835
131,4836
131,4837
311,4838
177,4839
177,4840
164,4841
147,4842
164,4843
306,4844
147,4845
170,4846
211,4847
137,4848
194,4849
211,4850
137,4851
264,4852
137,4853
208,4854
251,4855
77,4856
128,4857
135,4858
264,4859
190,4860
231,4861
165,4862
244,4863
282,4864
318,4865
244,4866
115,4867
261,4868
261,4869
329,4870
0,4871
198,4872
119,4873
164,4874
0,4875
26,4876
241,4877
27,4878
211,4879
124,4880
27,4881
27,4882
264,4883
135,4884
264,4885
107,4886
121,4887
121,4888
294,4889
128,4890
294,4891
-1,4892
244,4893
164,4894
26,4895
329,4896
147,4897
306,4898
164,4899
170,4900
194,4901
198,4902
0,4903
241,4904
137,4905
283,4906
105,4907
124,4908
264,4909
253,4910
274,4911
124,4912
274,4913
231,4914
327,4915
282,4916
55,4917
130,4918
318,4919
141,4920
282,4921
164,4922
170,4923
64,4924
329,4925
119,4926
170,4927
137,4928
111,4929
307,4930
223,4931
27,4932
105,4933
253,4934
231,4935
251,4936
-1,4937
231,4938
294,4939
264,4940
237,4941
131,4942
294,4943
55,4944
318,4945
141,4946
0,4947
164,4948
137,4949
194,4950
261,4951
170,4952
307,4953
283,4954
27,4955
105,4956
27,4957
43,4958
231,4959
135,4960
121,4961
135,4962
128,4963
135,4964
55,4965
274,4966
131,4967
244,4968
131,4969
130,4970
26,4971
170,4972
0,4973
183,4974
164,4975
27,4976
306,4977
261,4978
185,4979
164,4980
223,4981
211,4982
27,4983
27,4984
190,4985
124,4986
231,4987
231,4988
294,4989
165,4990
274,4991
141,4992
240,4993
177,4994
170,4995
164,4996
164,4997
307,4998
148,4999
148,5000
211,5001
211,5002
77,5003
241,5004
107,5005
43,5006
107,5007
124,5008
253,5009
43,5010
121,5011
231,5012
251,5013
123,5014
240,5015
237,5016
96,5017
240,5018
327,5019
189,5020
186,5021
293,5022
186,5023
311,5024
244,5025
311,5026
269,5027
202,5028
141,5029
272,5030
199,5031
293,5032
110,5033
199,5034
206,5035
293,5036
162,5037
293,5038
80,5039
293,5040
202,5041
175,5042
175,5043
311,5044
202,5045
206,5046
52,5047
199,5048
184,5049
280,5050
293,5051
162,5052
293,5053
293,5054
56,5055
313,5056
150,5057
244,5058
311,5059
177,5060
311,5061
311,5062
311,5063
311,5064
269,5065
272,5066
86,5067
86,5068
272,5069
103,5070
293,5071
276,5072
320,5073
177,5074
311,5075
269,5076
175,5077
83,5078
202,5079
189,5080
101,5081
86,5082
103,5083
293,5084
220,5085
320,5086
282,5087
177,5088
184,5089
46,5090
311,5091
272,5092
214,5093
150,5094
202,5095
162,5096
101,5097
273,5098
177,5099
240,5100
46,5101
177,5102
52,5103
272,5104
272,5105
272,5106
110,5107
110,5108
62,5109
184,5110
41,5111
273,5112
118,5113
318,5114
202,5115
83,5116
282,5117
272,5118
280,5119
83,5120
46,5121
272,5122
110,5123
272,5124
189,5125
199,5126
57,5127
162,5128
201,5129
285,5130
186,5131
244,5132
240,5133
318,5134
46,5135
83,5136
280,5137
272,5138
214,5139
57,5140
269,5141
177,5142
141,5143
311,5144
83,5145
177,5146
257,5147
311,5148
199,5149
280,5150
293,5151
150,5152
281,5153
48,5154
273,5155
67,5156
189,5157
177,5158
311,5159
311,5160
177,5161
86,5162
86,5163
86,5164
202,5165
269,5166
199,5167
150,5168
189,5169
236,5170
244,5171
244,5172
237,5173
280,5174
257,5175
175,5176
272,5177
83,5178
86,5179
199,5180
150,5181
189,5182
57,5183
57,5184
189,5185
46,5186
177,5187
311,5188
280,5189
202,5190
52,5191
272,5192
83,5193
280,5194
110,5195
199,5196
199,5197
83,5198
110,5199
150,5200
293,5201
295,5202
236,5203
275,5204
62,5205
240,5206
240,5207
177,5208
175,5209
177,5210
83,5211
52,5212
57,5213
272,5214
269,5215
206,5216
206,5217
199,5218
110,5219
272,5220
162,5221
249,5222
295,5223
249,5224
189,5225
267,5226
267,5227
311,5228
269,5229
327,5230
175,5231
272,5232
272,5233
57,5234
280,5235
110,5236
150,5237
272,5238
184,5239
199,5240
267,5241
295,5242
295,5243
311,5244
311,5245
327,5246
311,5247
202,5248
175,5249
175,5250
202,5251
86,5252
83,5253
272,5254
272,5255
280,5256
83,5257
83,5258
280,5259
272,5260
272,5261
101,5262
199,5263
189,5264
80,5265
103,5266
244,5267
206,5268
202,5269
272,5270
280,5271
280,5272
272,5273
184,5274
186,5275
63,5276
91,5277
91,5278
91,5279
201,5280
152,5281
113,5282
214,5283
189,5284
279,5285
281,5286
180,5287
113,5288
296,5289
113,5290
118,5291
108,5292
236,5293
323,5294
334,5295
63,5296
91,5297
186,5298
150,5299
150,5300
189,5301
71,5302
189,5303
273,5304
279,5305
113,5306
281,5307
279,5308
41,5309
118,5310
275,5311
63,5312
63,5313
184,5314
214,5315
276,5316
186,5317
214,5318
95,5319
275,5320
180,5321
276,5322
276,5323
279,5324
250,5325
279,5326
48,5327
296,5328
285,5329
67,5330
201,5331
108,5332
186,5333
150,5334
189,5335
71,5336
71,5337
220,5338
220,5339
95,5340
118,5341
275,5342
279,5343
275,5344
275,5345
108,5346
285,5347
103,5348
184,5349
267,5350
62,5351
71,5352
71,5353
281,5354
281,5355
41,5356
117,5357
281,5358
118,5359
279,5360
48,5361
273,5362
67,5363
67,5364
279,5365
275,5366
67,5367
152,5368
220,5369
220,5370
180,5371
279,5372
117,5373
117,5374
56,5375
276,5376
113,5377
281,5378
117,5379
279,5380
279,5381
296,5382
41,5383
201,5384
201,5385
236,5386
189,5387
189,5388
293,5389
276,5390
276,5391
117,5392
276,5393
273,5394
113,5395
67,5396
117,5397
285,5398
48,5399
285,5400
189,5401
103,5402
180,5403
276,5404
273,5405
103,5406
276,5407
180,5408
273,5409
281,5410
273,5411
281,5412
279,5413
279,5414
277,5415
91,5416
277,5417
67,5418
91,5419
320,5420
293,5421
62,5422
250,5423
103,5424
250,5425
103,5426
103,5427
220,5428
113,5429
281,5430
118,5431
118,5432
201,5433
91,5434
118,5435
275,5436
108,5437
91,5438
296,5439
108,5440
112,5441
91,5442
108,5443
180,5444
71,5445
214,5446
117,5447
186,5448
180,5449
250,5450
273,5451
113,5452
279,5453
273,5454
48,5455
108,5456
285,5457
275,5458
236,5459
184,5460
150,5461
189,5462
180,5463
267,5464
186,5465
293,5466
71,5467
117,5468
250,5469
56,5470
67,5471
285,5472
275,5473
296,5474
201,5475
108,5476
201,5477
150,5478
71,5479
293,5480
279,5481
180,5482
117,5483
273,5484
117,5485
95,5486
117,5487
113,5488
281,5489
285,5490
113,5491
118,5492
296,5493
113,5494
275,5495
201,5496
201,5497
285,5498
108,5499
296,5500
275,5501
201,5502
275,5503
108,5504
63,5505
103,5506
189,5507
152,5508
101,5509
62,5510
71,5511
103,5512
95,5513
276,5514
113,5515
214,5516
186,5517
56,5518
122,5519
71,5520
180,5521
279,5522
122,5523
118,5524
296,5525
285,5526
296,5527
277,5528
108,5529
201,5530
108,5531
113,5532
95,5533
220,5534
117,5535
122,5536
296,5537
122,5538
201,5539
281,5540
113,5541
277,5542
296,5543
63,5544
296,5545
108,5546
275,5547
236,5548
201,5549
150,5550
150,5551
186,5552
276,5553
214,5554
56,5555
180,5556
180,5557
95,5558
180,5559
71,5560
296,5561
201,5562
273,5563
48,5564
281,5565
275,5566
201,5567
108,5568
184,5569
186,5570
189,5571
293,5572
267,5573
103,5574
95,5575
293,5576
281,5577
95,5578
122,5579
276,5580
71,5581
95,5582
56,5583
273,5584
113,5585
56,5586
273,5587
296,5588
48,5589
277,5590
285,5591
236,5592
313,5593
236,5594
63,5595
320,5596
295,5597
313,5598
248,5599
209,5600
80,5601
85,5602
313,5603
249,5604
89,5605
78,5606
286,5607
304,5608
209,5609
277,5610
249,5611
249,5612
249,5613
313,5614
222,5615
319,5616
324,5617
313,5618
323,5619
248,5620
225,5621
225,5622
125,5623
108,5624
63,5625
320,5626
323,5627
242,5628
-1,5629
295,5630
295,5631
320,5632
84,5633
176,5634
313,5635
112,5636
295,5637
209,5638
108,5639
63,5640
323,5641
249,5642
249,5643
313,5644
295,5645
61,5646
239,5647
146,5648
138,5649
248,5650
248,5651
286,5652
313,5653
61,5654
92,5655
286,5656
63,5657
277,5658
249,5659
313,5660
320,5661
249,5662
295,5663
248,5664
222,5665
154,5666
167,5667
125,5668
63,5669
249,5670
320,5671
230,5672
242,5673
225,5674
222,5675
270,5676
146,5677
330,5678
54,5679
89,5680
58,5681
320,5682
275,5683
242,5684
248,5685
320,5686
295,5687
270,5688
270,5689
295,5690
89,5691
316,5692
316,5693
286,5694
286,5695
160,5696
286,5697
277,5698
320,5699
249,5700
242,5701
295,5702
323,5703
295,5704
51,5705
248,5706
304,5707
304,5708
230,5709
254,5710
125,5711
286,5712
295,5713
286,5714
277,5715
320,5716
286,5717
320,5718
286,5719
225,5720
89,5721
225,5722
236,5723
323,5724
313,5725
313,5726
249,5727
320,5728
167,5729
256,5730
138,5731
295,5732
58,5733
323,5734
313,5735
313,5736
277,5737
285,5738
249,5739
295,5740
249,5741
277,5742
209,5743
167,5744
324,5745
146,5746
225,5747
286,5748
270,5749
313,5750
295,5751
89,5752
209,5753
91,5754
63,5755
112,5756
275,5757
80,5758
285,5759
320,5760
295,5761
249,5762
44,5763
249,5764
249,5765
286,5766
249,5767
151,5768
49,5769
277,5770
108,5771
285,5772
277,5773
277,5774
295,5775
323,5776
323,5777
313,5778
-1,5779
323,5780
320,5781
248,5782
242,5783
236,5784
236,5785
295,5786
249,5787
249,5788
295,5789
295,5790
313,5791
320,5792
313,5793
304,5794
286,5795
320,5796
112,5797
313,5798
209,5799
295,5800
114,5801
89,5802
313,5803
160,5804
112,5805
295,5806
236,5807
320,5808
242,5809
-1,5810
-1,5811
61,5812
61,5813
295,5814
248,5815
313,5816
89,5817
270,5818
212,5819
212,5820
212,5821
270,5822
290,5823
304,5824
304,5825
230,5826
151,5827
166,5828
239,5829
51,5830
154,5831
319,5832
319,5833
222,5834
61,5835
230,5836
230,5837
166,5838
304,5839
151,5840
166,5841
160,5842
270,5843
262,5844
319,5845
290,5846
239,5847
222,5848
286,5849
166,5850
254,5851
304,5852
166,5853
254,5854
133,5855
78,5856
61,5857
262,5858
270,5859
270,5860
290,5861
163,5862
160,5863
313,5864
304,5865
313,5866
254,5867
286,5868
160,5869
262,5870
290,5871
166,5872
262,5873
78,5874
151,5875
133,5876
78,5877
270,5878
176,5879
270,5880
290,5881
254,5882
160,5883
160,5884
313,5885
304,5886
304,5887
254,5888
286,5889
133,5890
270,5891
75,5892
319,5893
68,5894
78,5895
78,5896
176,5897
84,5898
254,5899
225,5900
304,5901
166,5902
78,5903
262,5904
319,5905
212,5906
290,5907
319,5908
286,5909
286,5910
151,5911
166,5912
262,5913
239,5914
154,5915
319,5916
270,5917
61,5918
319,5919
212,5920
160,5921
225,5922
125,5923
304,5924
230,5925
160,5926
262,5927
78,5928
254,5929
286,5930
290,5931
319,5932
75,5933
68,5934
166,5935
270,5936
270,5937
286,5938
160,5939
239,5940
262,5941
304,5942
290,5943
78,5944
68,5945
78,5946
51,5947
319,5948
50,5949
319,5950
286,5951
304,5952
248,5953
313,5954
230,5955
254,5956
166,5957
319,5958
49,5959
225,5960
151,5961
262,5962
262,5963
50,5964
319,5965
163,5966
154,5967
239,5968
154,5969
160,5970
286,5971
304,5972
248,5973
84,5974
133,5975
304,5976
270,5977
262,5978
239,5979
239,5980
75,5981
68,5982
212,5983
51,5984
51,5985
319,5986
160,5987
286,5988
286,5989
125,5990
166,5991
319,5992
319,5993
151,5994
68,5995
262,5996
290,5997
81,5998
225,5999
133,6000
286,6001
290,6002
304,6003
166,6004
319,6005
270,6006
151,6007
319,6008
68,6009
78,6010
222,6011
270,6012
319,6013
225,6014
286,6015
78,6016
78,6017
270,6018
78,6019
239,6020
270,6021
58,6022
133,6023
254,6024
49,6025
166,6026
68,6027
270,6028
222,6029
286,6030
230,6031
286,6032
133,6033
262,6034
319,6035
154,6036
51,6037
146,6038
146,6039
146,6040
60,6041
256,6042
167,6043
222,6044
212,6045
163,6046
100,6047
44,6048
44,6049
138,6050
85,6051
324,6052
326,6053
167,6054
176,6055
167,6056
92,6057
212,6058
255,6059
217,6060
156,6061
227,6062
146,6063
146,6064
146,6065
212,6066
94,6067
92,6068
92,6069
100,6070
217,6071
163,6072
217,6073
227,6074
156,6075
256,6076
263,6077
239,6078
176,6079
50,6080
92,6081
94,6082
222,6083
94,6084
138,6085
138,6086
60,6087
217,6088
255,6089
217,6090
100,6091
255,6092
227,6093
85,6094
256,6095
167,6096
167,6097
270,6098
222,6099
212,6100
94,6101
176,6102
176,6103
94,6104
163,6105
255,6106
60,6107
324,6108
167,6109
217,6110
227,6111
227,6112
114,6113
146,6114
300,6115
263,6116
319,6117
222,6118
163,6119
94,6120
163,6121
212,6122
255,6123
176,6124
109,6125
227,6126
60,6127
176,6128
163,6129
100,6130
217,6131
156,6132
156,6133
140,6134
140,6135
227,6136
300,6137
140,6138
85,6139
146,6140
176,6141
212,6142
163,6143
255,6144
54,6145
227,6146
255,6147
227,6148
255,6149
44,6150
255,6151
156,6152
217,6153
167,6154
326,6155
176,6156
212,6157
176,6158
61,6159
163,6160
227,6161
217,6162
138,6163
-1,6164
60,6165
60,6166
114,6167
324,6168
61,6169
54,6170
255,6171
61,6172
156,6173
94,6174
163,6175
176,6176
255,6177
222,6178
140,6179
60,6180
227,6181
140,6182
167,6183
156,6184
326,6185
256,6186
255,6187
212,6188
176,6189
212,6190
163,6191
163,6192
324,6193
100,6194
156,6195
227,6196
227,6197
217,6198
324,6199
138,6200
138,6201
326,6202
326,6203
263,6204
146,6205
176,6206
176,6207
100,6208
227,6209
217,6210
217,6211
260,6212
167,6213
263,6214
163,6215
176,6216
212,6217
255,6218
176,6219
227,6220
227,6221
85,6222
300,6223
300,6224
167,6225
163,6226
100,6227
100,6228
85,6229
255,6230
140,6231
255,6232
300,6233
146,6234
146,6235
256,6236
256,6237
326,6238
222,6239
44,6240
100,6241
94,6242
217,6243
163,6244
217,6245
156,6246
138,6247
167,6248
146,6249
212,6250
92,6251
163,6252
227,6253
94,6254
176,6255
324,6256
138,6257
44,6258
146,6259
156,6260
100,6261
217,6262
146,6263
140,6264
287,6265
66,6266
207,6267
316,6268
167,6269
207,6270
142,6271
260,6272
142,6273
316,6274
247,6275
316,6276
127,6277
60,6278
167,6279
326,6280
256,6281
326,6282
263,6283
316,6284
191,6285
142,6286
142,6287
291,6288
168,6289
167,6290
324,6291
324,6292
60,6293
326,6294
263,6295
207,6296
260,6297
263,6298
247,6299
263,6300
161,6301
247,6302
168,6303
291,6304
287,6305
326,6306
167,6307
263,6308
326,6309
260,6310
260,6311
316,6312
207,6313
207,6314
316,6315
142,6316
142,6317
168,6318
256,6319
263,6320
114,6321
191,6322
326,6323
191,6324
142,6325
191,6326
161,6327
168,6328
316,6329
207,6330
263,6331
191,6332
300,6333
263,6334
247,6335
168,6336
167,6337
142,6338
326,6339
142,6340
316,6341
161,6342
291,6343
168,6344
146,6345
167,6346
326,6347
260,6348
167,6349
263,6350
326,6351
191,6352
161,6353
127,6354
287,6355
127,6356
256,6357
167,6358
146,6359
263,6360
256,6361
260,6362
142,6363
191,6364
287,6365
247,6366
316,6367
263,6368
161,6369
260,6370
167,6371
167,6372
256,6373
142,6374
316,6375
291,6376
168,6377
168,6378
142,6379
161,6380
316,6381
260,6382
161,6383
168,6384
161,6385
207,6386
260,6387
191,6388
291,6389
142,6390
142,6391
191,6392
316,6393
127,6394
191,6395
146,6396
142,6397
326,6398
287,6399
191,6400
109,6401
326,6402
256,6403
191,6404
316,6405
161,6406
161,6407
316,6408
263,6409
167,6410
256,6411
263,6412
263,6413
260,6414
191,6415
127,6416
245,6417
207,6418
161,6419
245,6420
299,6421
299,6422
287,6423
287,6424
299,6425
287,6426
291,6427
245,6428
161,6429
161,6430
291,6431
245,6432
299,6433
247,6434
291,6435
247,6436
299,6437
299,6438
299,6439
287,6440
245,6441
66,6442
299,6443
299,6444
127,6445
245,6446
245,6447
287,6448
127,6449
127,6450
168,6451
287,6452
66,6453
245,6454
245,6455
161,6456
245,6457
90,6458
299,6459
299,6460
168,6461
287,6462
127,6463
291,6464
299,6465
299,6466
299,6467
299,6468
287,6469
127,6470
291,6471
66,6472
299,6473
299,6474
245,6475
299,6476
291,6477
247,6478
291,6479
168,6480
245,6481
299,6482
90,6483
299,6484
291,6485
127,6486
247,6487
299,6488
247,6489
291,6490
291,6491
245,6492
299,6493
299,6494
331,6495
299,6496
299,6497
90,6498
299,6499
331,6500
299,6501
299,6502
299,6503
1,6504
12,6505
69,6506
315,6507
25,6508
12,6509
12,6510
278,6511
12,6512
12,6513
1,6514
14,6515
12,6516
12,6517
-1,6518
25,6519
69,6520
219,6521
25,6522
219,6523
302,6524
336,6525
11,6526
69,6527
-1,6528
302,6529
12,6530
12,6531
302,6532
5,6533
302,6534
12,6535
12,6536
12,6537
278,6538
25,6539
278,6540
1,6541
37,6542
-1,6543
-1,6544
219,6545
69,6546
14,6547
12,6548
12,6549
14,6550
336,6551
14,6552
336,6553
278,6554
5,6555
5,6556
302,6557
-1,6558
1,6559
70,6560
14,6561
5,6562
5,6563
5,6564
5,6565
5,6566
-1,6567
302,6568
219,6569
302,6570
278,6571
5,6572
302,6573
5,6574
219,6575
-1,6576
302,6577
302,6578
278,6579
278,6580
278,6581
5,6582
-1,6583
278,6584
-1,6585
278,6586
7,6587
7,6588
12,6589
12,6590
12,6591
-1,6592
219,6593
5,6594
5,6595
278,6596
219,6597
219,6598
82,6599
14,6600
302,6601
19,6602
219,6603
315,6604
14,6605
70,6606
219,6607
302,6608
219,6609
219,6610
-1,6611
12,6612
219,6613
70,6614
219,6615
302,6616
219,6617
219,6618
337,6619
278,6620
278,6621
337,6622
12,6623
219,6624
-1,6625
337,6626
219,6627
14,6628
14,6629
302,6630
5,6631
5,6632
12,6633
278,6634
37,6635
37,6636
11,6637
14,6638
14,6639
14,6640
37,6641
14,6642
5,6643
25,6644
25,6645
14,6646
37,6647
37,6648
5,6649
7,6650
25,6651
25,6652
12,6653
70,6654
25,6655
14,6656
5,6657
278,6658
302,6659
5,6660
14,6661
1,6662
69,6663
219,6664
69,6665
70,6666
5,6667
5,6668
5,6669
25,6670
1,6671
69,6672
5,6673
5,6674
25,6675
1,6676
14,6677
14,6678
14,6679
70,6680
1,6681
14,6682
5,6683
278,6684
278,6685
219,6686
25,6687
12,6688
70,6689
14,6690
302,6691
70,6692
1,6693
25,6694
69,6695
37,6696
70,6697
14,6698
14,6699
14,6700
1,6701
278,6702
278,6703
70,6704
1,6705
315,6706
70,6707
12,6708
70,6709
14,6710
278,6711
1,6712
5,6713
70,6714
5,6715
219,6716
14,6717
69,6718
5,6719
5,6720
5,6721
14,6722
1,6723
14,6724
14,6725
70,6726
5,6727
19,6728
11,6729
11,6730
82,6731
315,6732
278,6733
315,6734
7,6735
173,6736
7,6737
7,6738
82,6739
278,6740
302,6741
302,6742
302,6743
11,6744
1,6745
243,6746
302,6747
12,6748
315,6749
7,6750
7,6751
82,6752
278,6753
278,6754
82,6755
1,6756
70,6757
302,6758
19,6759
19,6760
302,6761
219,6762
82,6763
5,6764
302,6765
302,6766
11,6767
7,6768
243,6769
315,6770
19,6771
315,6772
33,6773
19,6774
19,6775
7,6776
243,6777
19,6778
19,6779
173,6780
7,6781
7,6782
7,6783
7,6784
82,6785
278,6786
